{
	"info": {
		"_postman_id": "5b72eb9c-40e4-4071-8b45-18edec25375f",
		"name": "Examen NTTD",
		"schema": "https://schema.getpostman.com/json/collection/v2.1.0/collection.json",
		"_exporter_id": "15239689"
	},
	"item": [
		{
			"name": "crear-cliente",
			"request": {
				"method": "POST",
				"header": [],
				"body": {
					"mode": "raw",
					"raw": "{\r\n    \"id\": 10,\r\n    \"nombre\":\"Juan Osorio\",\r\n    \"genero\":\"F\",\r\n    \"edad\":\"40\",\r\n    \"identificacion\":\"0927852187\",\r\n    \"direccion\":\"13 junio y Equinoccial\",\r\n    \"telefono\":\"0975489655\",\r\n    \"contrasenia\":\"1245\",\r\n    \"estado\": true\r\n}",
					"options": {
						"raw": {
							"language": "json"
						}
					}
				},
				"url": {
					"raw": "http://localhost:8090/clientes",
					"protocol": "http",
					"host": [
						"localhost"
					],
					"port": "8090",
					"path": [
						"clientes"
					]
				}
			},
			"response": []
		},
		{
			"name": "crear-cuenta",
			"request": {
				"method": "POST",
				"header": [],
				"body": {
					"mode": "raw",
					"raw": "{\r\n    \"numeroCuenta\": 478758,\r\n    \"tipoCuenta\": \"Ahorros\",\r\n    \"saldoInicial\": 2000,\r\n    \"estado\": true,\r\n    \"identificacion\": \"0927852140\"\r\n}",
					"options": {
						"raw": {
							"language": "json"
						}
					}
				},
				"url": {
					"raw": "http://localhost:8091/cuentas",
					"protocol": "http",
					"host": [
						"localhost"
					],
					"port": "8091",
					"path": [
						"cuentas"
					]
				}
			},
			"response": []
		},
		{
			"name": "crear-movimientos",
			"request": {
				"method": "POST",
				"header": [],
				"body": {
					"mode": "raw",
					"raw": "{\r\n    \"fecha\":\"2024-07-24T20:25:00.000-05:00\",\r\n    \"tipoMovimiento\":\"RETIRO\",\r\n    \"valor\": 3.57,\r\n    \"numeroCuenta\":478758,\r\n    \"tipoCuenta\":\"Ahorros\"\r\n}",
					"options": {
						"raw": {
							"language": "json"
						}
					}
				},
				"url": {
					"raw": "http://localhost:8091/movimientos",
					"protocol": "http",
					"host": [
						"localhost"
					],
					"port": "8091",
					"path": [
						"movimientos"
					]
				}
			},
			"response": []
		},
		{
			"name": "consultar-cuenta",
			"protocolProfileBehavior": {
				"disableBodyPruning": true
			},
			"request": {
				"method": "GET",
				"header": [],
				"body": {
					"mode": "raw",
					"raw": "",
					"options": {
						"raw": {
							"language": "json"
						}
					}
				},
				"url": {
					"raw": "http://localhost:8091/cuentas",
					"protocol": "http",
					"host": [
						"localhost"
					],
					"port": "8091",
					"path": [
						"cuentas"
					]
				}
			},
			"response": []
		},
		{
			"name": "update-cliente",
			"request": {
				"method": "PUT",
				"header": [],
				"body": {
					"mode": "raw",
					"raw": "{\r\n    \"id\": 16,\r\n    \"nombre\":\"Juan Osorio\",\r\n    \"genero\":\"F\",\r\n    \"edad\":\"40\",\r\n    \"identificacion\":\"0927852147\",\r\n    \"direccion\":\"13 junio y Equinoccial\",\r\n    \"telefono\":\"0975489651\",\r\n    \"clave\":\"1245\",\r\n    \"estado\": true\r\n}",
					"options": {
						"raw": {
							"language": "json"
						}
					}
				},
				"url": {
					"raw": "http://localhost:8090/clientes",
					"protocol": "http",
					"host": [
						"localhost"
					],
					"port": "8090",
					"path": [
						"clientes"
					]
				}
			},
			"response": []
		},
		{
			"name": "consultar-cliente",
			"protocolProfileBehavior": {
				"disableBodyPruning": true
			},
			"request": {
				"method": "GET",
				"header": [],
				"body": {
					"mode": "raw",
					"raw": "",
					"options": {
						"raw": {
							"language": "json"
						}
					}
				},
				"url": {
					"raw": "http://localhost:8090/clientes",
					"protocol": "http",
					"host": [
						"localhost"
					],
					"port": "8090",
					"path": [
						"clientes"
					]
				}
			},
			"response": []
		},
		{
			"name": "consultar-cliente-por-identificacion",
			"protocolProfileBehavior": {
				"disableBodyPruning": true
			},
			"request": {
				"method": "GET",
				"header": [],
				"body": {
					"mode": "raw",
					"raw": "{\r\n    \"nombre\":\"Jose Lema\",\r\n    \"genero\":\"M\",\r\n    \"edad\":\"20\",\r\n    \"identificacion\":\"0927852141\",\r\n    \"direccion\":\"Otavalo sn y principal\",\r\n    \"telefono\":\"098254785\",\r\n    \"clave\":\"1234\",\r\n    \"estado\": true\r\n}",
					"options": {
						"raw": {
							"language": "json"
						}
					}
				},
				"url": {
					"raw": "http://localhost:8090/clientes/0927852140",
					"protocol": "http",
					"host": [
						"localhost"
					],
					"port": "8090",
					"path": [
						"clientes",
						"0927852140"
					],
					"query": [
						{
							"key": "identificacion",
							"value": "0927852141",
							"disabled": true
						}
					]
				}
			},
			"response": []
		},
		{
			"name": "consultar-eliminar",
			"request": {
				"method": "DELETE",
				"header": [],
				"body": {
					"mode": "raw",
					"raw": "{\r\n    \"nombre\":\"Jose Lema\",\r\n    \"genero\":\"M\",\r\n    \"edad\":\"20\",\r\n    \"identificacion\":\"0927648980\",\r\n    \"direccion\":\"Otavalo sn y principal\",\r\n    \"telefono\":\"098254785\",\r\n    \"clave\":\"1234\",\r\n    \"estado\": true\r\n}",
					"options": {
						"raw": {
							"language": "json"
						}
					}
				},
				"url": {
					"raw": "http://localhost:8090/clientes/0927852147",
					"protocol": "http",
					"host": [
						"localhost"
					],
					"port": "8090",
					"path": [
						"clientes",
						"0927852147"
					]
				}
			},
			"response": []
		}
	]
}